id,first_name,last_name,email,gender,Salary
1,Gilda,Adlington,gadlington0@blogspot.com,Female,160445.616
2,Cristin,Le Leu,cleleu1@latimes.com,Female,149586.179
3,Rocky,Hawker,rhawker2@scribd.com,Male,244327.161
4,Burtie,Rantoull,brantoull3@economist.com,Male,98424.791
5,Dion,Strephan,dstrephan4@oaic.gov.au,Female,53230.053
6,Joanne,Darbishire,jdarbishire5@wsj.com,Female,126432.839
7,Isak,Lafrentz,ilafrentz6@tinyurl.com,Male,218744.647
8,Rutter,Newbigging,rnewbigging7@mac.com,Male,76300.856
9,Locke,Guilloux,lguilloux8@newyorker.com,Male,32371.654
10,Glynda,Blaske,gblaske9@webs.com,Female,99976.113
11,Bonny,Menault,bmenaulta@aol.com,Female,153699.366
12,Wyatan,Ewols,wewolsb@1688.com,Male,110698.769
13,Luciana,McKinn,lmckinnc@si.edu,Female,171609.682
14,Emlen,Gasken,egaskend@bbb.org,Male,29611.214
15,Cherlyn,Kerbler,ckerblere@jiathis.com,Female,85676.017
16,Sydel,Daniello,sdaniellof@msn.com,Female,93104.793
17,Maitilde,MacColgan,mmaccolgang@businesswire.com,Female,44786.965
18,Loraine,Johnke,ljohnkeh@fema.gov,Female,152950.772
19,Alberto,Foxcroft,afoxcrofti@sina.com.cn,Male,86748.539
20,Adolphe,Bloxholm,abloxholmj@census.gov,Male,180203.758
21,Sibley,Round,sroundk@1688.com,Female,246718.744
22,Wanda,Lowman,wlowmanl@bigcartel.com,Female,29757.996
23,Brandyn,Picknett,bpicknettm@flavors.me,Male,83432.891
24,Foster,Yarrall,fyarralln@wisc.edu,Male,173748.754
25,Wilow,Kirwan,wkirwano@bluehost.com,Non-binary,100709.617
26,Emlynne,Kilban,ekilbanp@w3.org,Female,15994.975
27,Sonni,Cage,scageq@livejournal.com,Female,114880.984
28,Whitby,Asmus,wasmusr@com.com,Male,30273.977
29,Ker,Dod,kdods@hexun.com,Bigender,216580.128
30,Taite,Igoe,tigoet@state.gov,Male,118368.181
31,Pierrette,Winscom,pwinscomu@independent.co.uk,Female,56007.538
32,Carling,Steagall,csteagallv@cnn.com,Male,228662.694
33,Anallese,Josum,ajosumw@ft.com,Female,69403.94
34,Briano,Nern,bnernx@example.com,Male,57839.911
35,Stewart,Prydden,spryddeny@reuters.com,Male,238816.251
36,Pall,Onslow,ponslowz@deviantart.com,Male,38505.504
37,Sheridan,Rennix,srennix10@fastcompany.com,Male,200919.932
38,Marlena,Tarren,mtarren11@latimes.com,Female,75710.625
39,Sal,Ranner,sranner12@edublogs.org,Male,204551.52
40,Ruprecht,Scotney,rscotney13@comcast.net,Male,204231.883
41,Romola,Rosenstiel,rrosenstiel14@trellian.com,Female,53363.736
42,Anestassia,Stainer,astainer15@elpais.com,Female,148416.3
43,Slade,Spellacy,sspellacy16@nytimes.com,Male,126550.58
44,Vina,Grivori,vgrivori17@yale.edu,Female,60673.011
45,Dorette,Mc Gee,dmcgee18@redcross.org,Female,168166.157
46,Karlan,Lacky,klacky19@bbc.co.uk,Male,13904.991
47,Garland,Labet,glabet1a@phpbb.com,Female,16180.86
48,Cheri,Fitchell,cfitchell1b@flavors.me,Female,158399.833
49,Herminia,Pettman,hpettman1c@feedburner.com,Female,230310.781
50,Brynne,Bortoli,bbortoli1d@ihg.com,Female,19152.157
51,Emily,Kealy,ekealy1e@1und1.de,Female,43951.301
52,Lorne,Beeken,lbeeken1f@nifty.com,Male,83483.378
53,Stanley,Benley,sbenley1g@prweb.com,Male,91394.878
54,Silvanus,Verbrugghen,sverbrugghen1h@cnet.com,Male,237736.32
55,Flore,McComas,fmccomas1i@diigo.com,Bigender,51715.342
56,Alexia,Lackington,alackington1j@biblegateway.com,Female,248636.935
57,Orella,Fullerton,ofullerton1k@nytimes.com,Female,176917.83
58,Xylina,Estcourt,xestcourt1l@liveinternet.ru,Female,247957.625
59,Nerta,Schuchmacher,nschuchmacher1m@linkedin.com,Female,82492.76
60,Jedidiah,McDavitt,jmcdavitt1n@hibu.com,Male,109156.98
61,Ardra,Gettings,agettings1o@biblegateway.com,Genderqueer,240611.835
62,Davida,Bartalin,dbartalin1p@ustream.tv,Female,126178.085
63,Reidar,Burnsell,rburnsell1q@freewebs.com,Male,245451.588
64,Olav,Aiton,oaiton1r@spotify.com,Male,111097.397
65,Moshe,Van den Broek,mvandenbroek1s@dedecms.com,Male,26462.033
66,Elfreda,Druce,edruce1t@alexa.com,Female,217365.159
67,Emmy,Skerm,eskerm1u@reference.com,Male,152194.119
68,Ami,Woolcocks,awoolcocks1v@utexas.edu,Polygender,143297.851
69,Clark,Yell,cyell1w@elegantthemes.com,Male,98964.897
70,Thayne,Niche,tniche1x@bravesites.com,Male,178625.669
71,Natassia,Pochin,npochin1y@cmu.edu,Female,116986.621
72,Immanuel,Erickson,ierickson1z@msu.edu,Male,87009.149
73,Kori,Noddings,knoddings20@stanford.edu,Female,140610.96
74,Daveta,Halewood,dhalewood21@shareasale.com,Female,148639.936
75,Beverlie,Bernuzzi,bbernuzzi22@businessinsider.com,Female,85181.134
76,Neille,Pierpoint,npierpoint23@yellowpages.com,Female,161260.962
77,Robbyn,Bousquet,rbousquet24@xing.com,Female,235674.188
78,Brander,Ghiotto,bghiotto25@jalbum.net,Male,109478.593
79,Tonnie,Dorrian,tdorrian26@chron.com,Male,12525.097
80,Almeria,Koppe,akoppe27@liveinternet.ru,Female,204848.839
81,Janelle,Josskoviz,jjosskoviz28@lulu.com,Female,141583.708
82,Delcina,Menelaws,dmenelaws29@reference.com,Non-binary,129417.807
83,Barri,Risely,brisely2a@adobe.com,Male,173043.066
84,Bevin,Beningfield,bbeningfield2b@cam.ac.uk,Male,153805.841
85,Liane,Marien,lmarien2c@wordpress.org,Female,132063.857
86,Marcelo,Dougary,mdougary2d@si.edu,Male,200312.695
87,Mauricio,Lorimer,mlorimer2e@altervista.org,Male,179483.518
88,Basile,Tuther,btuther2f@nytimes.com,Male,25793.448
89,Papageno,Kurton,pkurton2g@simplemachines.org,Male,23160.338
90,Gillie,Halbord,ghalbord2h@berkeley.edu,Agender,200369.594
91,Arlen,Dabel,adabel2i@wsj.com,Male,218130.498
92,Abie,Dzenisenka,adzenisenka2j@bbb.org,Male,34920.674
93,Augie,Jobbins,ajobbins2k@tmall.com,Male,45692.231
94,Danna,Leman,dleman2l@mapy.cz,Female,120654.787
95,Abdel,Lothlorien,alothlorien2m@symantec.com,Male,152423.793
96,Fee,McGall,fmcgall2n@macromedia.com,Male,106779.633
97,Querida,Wealthall,qwealthall2o@zdnet.com,Female,43425.322
98,Skye,Dummigan,sdummigan2p@icio.us,Polygender,246941.049
99,Gifford,Athey,gathey2q@wikipedia.org,Male,117679.229
100,Drucy,Woodbridge,dwoodbridge2r@bbc.co.uk,Female,62690.087
101,Junia,Oxborrow,joxborrow2s@simplemachines.org,Female,161048.003
102,Mal,Blowne,mblowne2t@canalblog.com,Male,187415.613
103,Rhonda,Hendrickson,rhendrickson2u@people.com.cn,Female,79502.628
104,Grissel,Vassall,gvassall2v@senate.gov,Female,226772.849
105,Arturo,Pratley,apratley2w@geocities.com,Male,94177.778
106,Frederique,Shawdforth,fshawdforth2x@sina.com.cn,Agender,103500.544
107,Helenka,Bradwell,hbradwell2y@macromedia.com,Polygender,123182.756
108,Stephen,O' Mahony,somahony2z@home.pl,Genderqueer,10271.519
109,Ettie,Hassey,ehassey30@wikispaces.com,Female,152942.043
110,Agace,Benion,abenion31@slashdot.org,Female,34059.869
111,Arvin,Pidgeon,apidgeon32@msn.com,Male,243420.045
112,Sonni,Seakings,sseakings33@slashdot.org,Female,206175.378
113,Gregory,McIlroy,gmcilroy34@cdbaby.com,Male,134359.313
114,Mollie,Hallin,mhallin35@vistaprint.com,Female,88791.064
115,Napoleon,Hazeldine,nhazeldine36@php.net,Agender,178866.995
116,Aimee,Conroy,aconroy37@paypal.com,Female,92026.03
117,Wilburt,Martinec,wmartinec38@hexun.com,Male,56365.086
118,Maynard,MacMeeking,mmacmeeking39@bluehost.com,Male,60318.304
119,Ronda,Shefton,rshefton3a@mozilla.org,Female,213214.442
120,Carree,Darwent,cdarwent3b@paypal.com,Female,53672.977
121,Carlie,Rainton,crainton3c@virginia.edu,Female,38857.02
122,Ade,Bladge,abladge3d@icq.com,Male,38767.022
123,Kissie,Mudle,kmudle3e@about.me,Female,165266.185
124,Torre,Sidon,tsidon3f@is.gd,Male,191518.945
125,Amalita,Gilbart,agilbart3g@linkedin.com,Female,58144.303
126,Elyn,Kowalski,ekowalski3h@eventbrite.com,Female,72166.811
127,Codie,Connochie,cconnochie3i@jiathis.com,Agender,178928.722
128,Earl,Harbor,eharbor3j@disqus.com,Male,185590.957
129,Alvina,Barczewski,abarczewski3k@xrea.com,Female,118145.195
130,Athena,Idale,aidale3l@discovery.com,Female,41868.54
131,Fields,Behrend,fbehrend3m@photobucket.com,Male,206165.11
132,Margareta,Doram,mdoram3n@marriott.com,Female,127586.943
133,Jeannine,Annatt,jannatt3o@vk.com,Female,18307.553
134,Matthiew,Cullivan,mcullivan3p@ted.com,Male,13462.436
135,Zared,Sucre,zsucre3q@gnu.org,Male,183356.57
136,Amos,Ganforthe,aganforthe3r@bluehost.com,Male,225478.818
137,Bennie,Mazzilli,bmazzilli3s@ebay.com,Female,181322.04
138,Ilyse,Schermick,ischermick3t@constantcontact.com,Female,240898.241
139,Linnet,Le Pruvost,llepruvost3u@mapy.cz,Agender,194295.006
140,Raul,Zold,rzold3v@columbia.edu,Male,222019.93
141,Chloette,Maxfield,cmaxfield3w@t-online.de,Genderqueer,115161.867
142,Xerxes,Folk,xfolk3x@topsy.com,Male,41320.864
143,Addi,Bernhardi,abernhardi3y@comcast.net,Female,70156.582
144,Sapphira,Broadbridge,sbroadbridge3z@uiuc.edu,Female,154067.178
145,Idelle,Mohan,imohan40@java.com,Female,193819.391
146,Krissy,Boissieux,kboissieux41@scientificamerican.com,Female,109868.716
147,Wilona,Nerval,wnerval42@domainmarket.com,Female,161164.243
148,Jerrilee,Pitbladdo,jpitbladdo43@istockphoto.com,Female,98963.898
149,Loni,Beazleigh,lbeazleigh44@livejournal.com,Female,107334.829
150,Bianka,Harle,bharle45@tumblr.com,Female,171149.847
151,Carlyle,Jiles,cjiles46@state.tx.us,Male,90933.465
152,Leone,Brellin,lbrellin47@shareasale.com,Female,100240.665
153,Cornelius,Fealey,cfealey48@constantcontact.com,Male,211526.159
154,Max,Pymar,mpymar49@elegantthemes.com,Female,113250.072
155,Paulina,Vasilenko,pvasilenko4a@themeforest.net,Female,218516.45
156,Jephthah,Germann,jgermann4b@google.cn,Male,53418.084
157,Parker,Alp,palp4c@psu.edu,Male,168165.636
158,Clarinda,Trenholme,ctrenholme4d@shutterfly.com,Female,100033.824
159,Beverlie,Murkin,bmurkin4e@wiley.com,Genderqueer,69155.171
160,Kiley,Connett,kconnett4f@cam.ac.uk,Male,232873.16
161,Geri,Stoacley,gstoacley4g@elpais.com,Female,23326.013
162,Dominique,Macbane,dmacbane4h@pagesperso-orange.fr,Female,237174.036
163,Maynord,Harbidge,mharbidge4i@biglobe.ne.jp,Non-binary,229636.036
164,Olly,Bulford,obulford4j@hhs.gov,Female,218275.562
165,Deb,Novik,dnovik4k@wired.com,Female,11953.63
166,Sela,Gozard,sgozard4l@ibm.com,Female,29789.151
167,Jerrie,Minghetti,jminghetti4m@apache.org,Male,44481.939
168,Tedman,Schimann,tschimann4n@cloudflare.com,Polygender,31795.88
169,Mia,Hallick,mhallick4o@disqus.com,Female,213502.949
170,D'arcy,Itzhayek,ditzhayek4p@alibaba.com,Male,47786.997
171,Waite,Jackman,wjackman4q@liveinternet.ru,Male,149514.764
172,Sterling,Standage,sstandage4r@digg.com,Agender,212152.267
173,Jessalyn,Edgell,jedgell4s@sfgate.com,Female,200153.822
174,Angelo,Turton,aturton4t@mapquest.com,Male,79577.647
175,Ariadne,Keasey,akeasey4u@archive.org,Female,43794.285
176,Brnaby,Glendenning,bglendenning4v@newsvine.com,Male,149500.494
177,Parsifal,Hyder,phyder4w@answers.com,Male,131936.078
178,Lucais,Swede,lswede4x@dmoz.org,Male,130600.271
179,Dana,Felder,dfelder4y@shutterfly.com,Male,61859.223
180,Marcus,Bree,mbree4z@archive.org,Male,102756.449
181,Blayne,Cattermoul,bcattermoul50@hao123.com,Male,121034.082
182,Corrinne,Tather,ctather51@europa.eu,Female,205112.302
183,Karolina,Harverson,kharverson52@usda.gov,Non-binary,106071.942
184,Thedric,Ducroe,tducroe53@ft.com,Male,181408.234
185,Elnar,Screen,escreen54@unc.edu,Male,203735.573
186,Cherise,Pakeman,cpakeman55@linkedin.com,Female,84180.283
187,Dania,Davet,ddavet56@hhs.gov,Female,245649.109
188,Berty,Kollaschek,bkollaschek57@oaic.gov.au,Female,246307.227
189,Tessa,Haversham,thaversham58@mail.ru,Non-binary,235301.696
190,Rutger,Lippatt,rlippatt59@t-online.de,Bigender,56525.246
191,Edik,Clempton,eclempton5a@github.com,Male,72425.38
192,Avrit,Fellini,afellini5b@indiegogo.com,Female,74752.596
193,Candis,Lentsch,clentsch5c@bbc.co.uk,Female,167154.916
194,Isidro,MacAleese,imacaleese5d@arizona.edu,Male,77301.421
195,Babette,Lyddy,blyddy5e@multiply.com,Female,153305.638
196,Welby,Keetley,wkeetley5f@narod.ru,Male,97991.475
197,Malinda,Stollberger,mstollberger5g@foxnews.com,Female,59009.106
198,Sharleen,Puvia,spuvia5h@eepurl.com,Female,205982.757
199,Uta,Bowle,ubowle5i@sciencedirect.com,Female,39528.97
200,Bordie,Bleakley,bbleakley5j@hud.gov,Male,89843.417
201,Joana,Askaw,jaskaw5k@multiply.com,Genderqueer,177258.564
202,Loydie,Blaszkiewicz,lblaszkiewicz5l@livejournal.com,Male,109200.331
203,Nehemiah,Pear,npear5m@apache.org,Male,180506.505
204,Kyle,Coolbear,kcoolbear5n@g.co,Female,237541.627
205,Madelle,Goodban,mgoodban5o@toplist.cz,Female,171224.374
206,Alphonso,Bengle,abengle5p@opera.com,Male,26703.942
207,Felizio,Pally,fpally5q@typepad.com,Male,157157.734
208,Golda,Grady,ggrady5r@china.com.cn,Female,150869.048
209,Abbey,Coke,acoke5s@shutterfly.com,Female,99863.954
210,Lorette,Mees,lmees5t@networksolutions.com,Female,11901.857
211,Randene,Fawloe,rfawloe5u@spiegel.de,Female,52788.797
212,Eduino,Carlaw,ecarlaw5v@msu.edu,Male,204107.374
213,Cathie,Camoys,ccamoys5w@gnu.org,Genderqueer,42605.373
214,Harland,Ivanchov,hivanchov5x@oracle.com,Male,67701.66
215,Ermina,Estick,eestick5y@dion.ne.jp,Agender,33332.498
216,Jilli,Reston,jreston5z@ezinearticles.com,Female,208271.131
217,Netta,Perkin,nperkin60@wsj.com,Female,109754.286
218,Oliviero,Wallice,owallice61@hud.gov,Male,144650.608
219,Arlan,Mendus,amendus62@redcross.org,Male,111674.779
220,Rosemary,Francescuccio,rfrancescuccio63@hubpages.com,Female,210747.174
221,Barb,Chetter,bchetter64@nifty.com,Female,19549.589
222,Meris,Moore,mmoore65@princeton.edu,Female,89071.737
223,Carmelia,Overland,coverland66@npr.org,Female,124271.168
224,Terence,Hechlin,thechlin67@mediafire.com,Male,100513.21
225,Reginauld,Jovanovic,rjovanovic68@booking.com,Male,227493.155
226,Baxy,Mathe,bmathe69@buzzfeed.com,Male,118272.855
227,Janey,Caldera,jcaldera6a@wufoo.com,Genderfluid,210334.343
228,Lem,Doneld,ldoneld6b@cocolog-nifty.com,Male,80301.98
229,Raquela,Wiggett,rwiggett6c@nps.gov,Female,171272.721
230,Salem,Weiss,sweiss6d@economist.com,Male,37104.608
231,Malcolm,Havesides,mhavesides6e@liveinternet.ru,Male,126940.216
232,Evaleen,Edowes,eedowes6f@answers.com,Female,63077.085
233,Garrott,Largent,glargent6g@yahoo.com,Male,229670.904
234,Odie,Halls,ohalls6h@economist.com,Male,14387.672
235,Cosme,Bulfit,cbulfit6i@ucla.edu,Male,205615.084
236,Luigi,Goomes,lgoomes6j@webeden.co.uk,Male,93977.579
237,Lorilyn,Stollard,lstollard6k@cocolog-nifty.com,Female,247481.509
238,Lynna,Bee,lbee6l@ovh.net,Female,148905.665
239,Lyndell,Thrustle,lthrustle6m@wufoo.com,Female,248546.249
240,Zebedee,Westnedge,zwestnedge6n@abc.net.au,Male,76701.34
241,Anna-maria,Rizzardi,arizzardi6o@printfriendly.com,Female,211018.755
242,Cob,Agron,cagron6p@skyrock.com,Male,229961.903
243,Pinchas,Butrimovich,pbutrimovich6q@gmpg.org,Male,173647.427
244,Danie,Stewart,dstewart6r@t.co,Male,107962.498
245,Chase,Bates,cbates6s@nasa.gov,Male,213760.402
246,Mommy,Bradlaugh,mbradlaugh6t@simplemachines.org,Female,177251.34
247,Waite,Lehrer,wlehrer6u@goo.gl,Male,14000.886
248,Land,Llewellyn,lllewellyn6v@sina.com.cn,Bigender,12173.626
249,Amelita,Castellet,acastellet6w@vkontakte.ru,Female,76654.246
250,Kristal,Iacovini,kiacovini6x@technorati.com,Female,99417.502
251,Nicol,Coppard,ncoppard6y@hibu.com,Female,207704.98
252,Danit,Trorey,dtrorey6z@tuttocitta.it,Female,69375.646
253,Somerset,Redier,sredier70@shop-pro.jp,Male,201735.899
254,Myra,Reggler,mreggler71@nifty.com,Female,109091.143
255,Chrysler,Bleackly,cbleackly72@imageshack.us,Female,210496.598
256,Selene,Kemetz,skemetz73@bloomberg.com,Bigender,54355.097
257,Ruthanne,Shrive,rshrive74@soundcloud.com,Female,136405.824
258,Elora,Metham,emetham75@mozilla.com,Female,71436.76
259,Laurens,Kimmel,lkimmel76@seesaa.net,Male,47434.421
260,Jenna,Tinsey,jtinsey77@canalblog.com,Female,80143.679
261,Jennica,Papierz,jpapierz78@vistaprint.com,Female,72807.902
262,Jeramie,Dance,jdance79@oaic.gov.au,Male,222963.362
263,Cynde,Forsard,cforsard7a@adobe.com,Female,14659.402
264,Hermy,Daye,hdaye7b@time.com,Male,86059.774
265,Nancie,Greenaway,ngreenaway7c@last.fm,Female,156647.257
266,Patsy,MacSweeney,pmacsweeney7d@phpbb.com,Male,231291.112
267,Mill,Longhirst,mlonghirst7e@usgs.gov,Male,180823.559
268,Ingeberg,Cavell,icavell7f@gmpg.org,Female,198280.963
269,Westbrook,Sandeman,wsandeman7g@google.it,Male,63159.933
270,Marci,Bernot,mbernot7h@globo.com,Female,68959.813
271,Farley,Cranton,fcranton7i@com.com,Male,33948.554
272,Tristam,Youles,tyoules7j@a8.net,Male,48707.951
273,Carey,Rennles,crennles7k@opensource.org,Male,159083.777
274,Skelly,Hearne,shearne7l@123-reg.co.uk,Male,183786.389
275,Philly,Owtram,powtram7m@lycos.com,Female,183555.761
276,Erica,Farries,efarries7n@hud.gov,Female,65415.447
277,Yance,Bertomeu,ybertomeu7o@disqus.com,Male,54031.633
278,Jock,Davenall,jdavenall7p@themeforest.net,Male,120051.309
279,Rawley,Jindracek,rjindracek7q@nydailynews.com,Agender,205445.412
280,Rudolfo,Forrest,rforrest7r@google.com,Male,27211.435
281,Grange,Christofor,gchristofor7s@comcast.net,Male,62684.365
282,Gretta,Allmond,gallmond7t@creativecommons.org,Agender,62113.904
283,Angelo,Djordjevic,adjordjevic7u@linkedin.com,Male,76434.992
284,Cheri,Louder,clouder7v@nydailynews.com,Female,165595.702
285,Clari,Andrejs,candrejs7w@bbb.org,Female,83251.467
286,Ingamar,Rappport,irappport7x@icq.com,Male,111969.879
287,Freddy,Torrijos,ftorrijos7y@paginegialle.it,Female,24664.104
288,Graehme,Gemmill,ggemmill7z@clickbank.net,Non-binary,91835.961
289,Neal,Hughson,nhughson80@joomla.org,Male,49194.819
290,Isabella,Danilchenko,idanilchenko81@nps.gov,Female,17129.097
291,Broderick,Dominka,bdominka82@nydailynews.com,Male,71489.575
292,Boris,De Simoni,bdesimoni83@shutterfly.com,Male,235877.709
293,Tye,Ashtonhurst,tashtonhurst84@shareasale.com,Male,47663.688
294,Cristen,Corner,ccorner85@behance.net,Female,153453.384
295,Moreen,Kaaskooper,mkaaskooper86@opera.com,Female,200686.628
296,Lynnelle,Gaitung,lgaitung87@prweb.com,Female,233023.925
297,Sascha,Bownas,sbownas88@opera.com,Female,155657.182
298,Carl,Freyne,cfreyne89@squarespace.com,Male,99633.009
299,Casie,Hearse,chearse8a@ezinearticles.com,Female,146917.443
300,Haydon,Dolder,hdolder8b@ted.com,Male,112639.536
301,Cleopatra,Hesse,chesse8c@facebook.com,Female,50410.647
302,Malchy,Lockie,mlockie8d@mtv.com,Male,61291.278
303,Ignacio,Aucock,iaucock8e@state.gov,Male,80687.264
304,Concettina,MacKaig,cmackaig8f@barnesandnoble.com,Non-binary,188690.848
305,Hubey,Tortoishell,htortoishell8g@amazon.co.jp,Genderqueer,204786.326
306,Desmond,Musker,dmusker8h@last.fm,Male,22071.052
307,Corrine,Dammarell,cdammarell8i@flavors.me,Female,98528.694
308,Cinnamon,Hadcock,chadcock8j@blogger.com,Female,34080.311
309,Krishnah,Duiged,kduiged8k@creativecommons.org,Male,90656.457
310,Mace,Eatttok,meatttok8l@dagondesign.com,Male,76911.147
311,Oliviero,Hoonahan,ohoonahan8m@huffingtonpost.com,Male,97795.311
312,Lancelot,Manning,lmanning8n@umich.edu,Male,111084.27
313,Waly,Avramovic,wavramovic8o@arstechnica.com,Female,122035.781
314,Willdon,Simonato,wsimonato8p@shutterfly.com,Male,209833.045
315,Codee,Ivanaev,civanaev8q@spiegel.de,Female,194319.992
316,Petronia,Wrought,pwrought8r@t-online.de,Female,208941.408
317,Kacey,Bruckmann,kbruckmann8s@chronoengine.com,Female,22908.515
318,Celisse,deKnevet,cdeknevet8t@prnewswire.com,Female,242879.542
319,Salomone,Labat,slabat8u@mayoclinic.com,Genderqueer,52228.12
320,Iolande,Bennetts,ibennetts8v@simplemachines.org,Female,171100.419
321,Kearney,Vant,kvant8w@oakley.com,Male,157924.073
322,Michail,Crose,mcrose8x@buzzfeed.com,Male,237589.084
323,Corbie,Myford,cmyford8y@ezinearticles.com,Polygender,249433.576
324,Bastian,Bollard,bbollard8z@shop-pro.jp,Male,170744.236
325,Kelvin,Gerhold,kgerhold90@blogspot.com,Male,221184.625
326,Sherman,Arendsen,sarendsen91@aol.com,Male,120436.201
327,Tabatha,Billsberry,tbillsberry92@artisteer.com,Female,10953.658
328,Alethea,Deaville,adeaville93@blogs.com,Female,11659.061
329,Allyn,Scroggins,ascroggins94@theglobeandmail.com,Female,165881.941
330,Marcos,Maha,mmaha95@ebay.co.uk,Male,113665.04
331,Roxanna,Kettridge,rkettridge96@mapquest.com,Female,78603.465
332,Ernestus,McCulloch,emcculloch97@bandcamp.com,Male,77760.472
333,Rodney,Forestall,rforestall98@elegantthemes.com,Male,81568.34
334,Brannon,Palphreyman,bpalphreyman99@de.vu,Male,49847.637
335,Pebrook,Byrcher,pbyrcher9a@redcross.org,Male,147431.512
336,Sherry,Simmon,ssimmon9b@4shared.com,Female,72790.333
337,Shaw,Chasemore,schasemore9c@cnbc.com,Male,155005.963
338,Chrotoem,Teissier,cteissier9d@networkadvertising.org,Male,48191.7
339,Janet,Bruce,jbruce9e@livejournal.com,Female,152750.511
340,Cheryl,Quantrill,cquantrill9f@jimdo.com,Female,30699.165
341,Agustin,Ganforth,aganforth9g@ebay.com,Male,111713.698
342,Matilde,Rominov,mrominov9h@netvibes.com,Female,96319.481
343,Modesty,Colton,mcolton9i@huffingtonpost.com,Female,160730.676
344,Katerine,Druce,kdruce9j@drupal.org,Female,220924.337
345,Christie,Nenci,cnenci9k@digg.com,Polygender,68470.29
346,Sawyer,Syphas,ssyphas9l@t.co,Male,221117.212
347,Cob,Geer,cgeer9m@techcrunch.com,Male,13211.133
348,Shina,Braddock,sbraddock9n@ucoz.com,Female,13101.124
349,Monti,Doble,mdoble9o@usnews.com,Male,89424.119
350,Kiele,Lasselle,klasselle9p@google.ru,Female,101374.824
351,Farrand,Blacklawe,fblacklawe9q@umn.edu,Female,71705.16
352,Jens,Ryley,jryley9r@spiegel.de,Male,15972.106
353,Reyna,Hickin,rhickin9s@sun.com,Female,122278.015
354,Lyon,Orneblow,lorneblow9t@upenn.edu,Genderfluid,18058.429
355,Minta,Reaper,mreaper9u@blogtalkradio.com,Female,99788.729
356,Aprilette,Latham,alatham9v@tumblr.com,Female,140027.977
357,Brynna,Todarello,btodarello9w@irs.gov,Female,39516.978
358,Suzanna,Lideard,slideard9x@unblog.fr,Female,184416.042
359,Elena,Primarolo,eprimarolo9y@indiegogo.com,Female,130232.72
360,Emmott,Forrest,eforrest9z@deliciousdays.com,Male,144001.452
361,Ida,Bohlmann,ibohlmanna0@businessinsider.com,Female,215411.702
362,Rafa,Sollam,rsollama1@ox.ac.uk,Female,195730.385
363,Tallie,Marin,tmarina2@ucla.edu,Female,232275.484
364,Opal,Bateup,obateupa3@jimdo.com,Female,38031.92
365,Julietta,Villa,jvillaa4@wordpress.org,Female,90095.824
366,Niki,Aslam,naslama5@nih.gov,Female,125954.153
367,Patrica,Boniface,pbonifacea6@cloudflare.com,Female,173040.853
368,Iorgo,Order,iordera7@cdc.gov,Male,149332.827
369,Marje,Jersch,mjerscha8@moonfruit.com,Female,206722.118
370,Leonelle,Heustice,lheusticea9@tuttocitta.it,Female,70419.36
371,Sunshine,Luff,sluffaa@tiny.cc,Female,194439.872
372,Monty,Dabney,mdabneyab@bizjournals.com,Male,42451.52
373,Creigh,Arnauduc,carnauducac@gnu.org,Male,36643.638
374,Millicent,Garvin,mgarvinad@fastcompany.com,Female,182044.047
375,Maddy,Beche,mbecheae@simplemachines.org,Male,52738.41
376,Ursula,June,ujuneaf@amazon.com,Female,189178.841
377,Denys,Lowdeane,dlowdeaneag@spotify.com,Female,125146.797
378,Tyne,Tregonna,ttregonnaah@nbcnews.com,Female,151258.798
379,Thaddeus,Keatch,tkeatchai@netscape.com,Male,202200.796
380,Chandler,Bruun,cbruunaj@nymag.com,Non-binary,97547.45
381,Debee,Walpole,dwalpoleak@hatena.ne.jp,Female,12817.33
382,Yank,Kennaird,ykennairdal@stumbleupon.com,Male,221203.647
383,Carmine,Wolfindale,cwolfindaleam@unc.edu,Female,204046.272
384,Hazlett,Dundridge,hdundridgean@europa.eu,Male,154072.068
385,Ketti,Steggals,ksteggalsao@senate.gov,Bigender,14145.532
386,Joya,Ditchett,jditchettap@issuu.com,Female,211873.19
387,Alyda,Allin,aallinaq@nih.gov,Female,227361.397
388,Chilton,Juschke,cjuschkear@nature.com,Male,125750.736
389,Bianka,Boucher,bboucheras@usatoday.com,Female,149362.23
390,Delcine,Oxby,doxbyat@gmpg.org,Female,152671.103
391,Baron,Pfiffer,bpfifferau@sciencedirect.com,Male,207718.126
392,Shem,Woodthorpe,swoodthorpeav@a8.net,Male,105615.183
393,Leilah,Ritchard,lritchardaw@nydailynews.com,Female,28355.557
394,Harriett,Money,hmoneyax@toplist.cz,Female,11781.834
395,Leeanne,MacFayden,lmacfaydenay@thetimes.co.uk,Female,190674.012
396,Gayel,Ralphs,gralphsaz@seattletimes.com,Female,76461.275
397,Braden,Emney,bemneyb0@wired.com,Male,149154.228
398,Gustav,Kershow,gkershowb1@dyndns.org,Male,240579.195
399,Camille,Jakobsson,cjakobssonb2@eventbrite.com,Female,27447.723
400,Aldus,Hillam,ahillamb3@tinyurl.com,Male,218211.238
401,Cybill,Greave,cgreaveb4@storify.com,Female,38682.967
402,Barrett,Dun,bdunb5@hexun.com,Male,28420.337
403,Giacopo,Walaron,gwalaronb6@google.ru,Male,41818.671
404,Norton,Campey,ncampeyb7@imdb.com,Male,119718.261
405,Glennie,Knellen,gknellenb8@psu.edu,Female,10125.574
406,Earl,Holburn,eholburnb9@forbes.com,Male,69818.309
407,Darcy,Bovis,dbovisba@hubpages.com,Male,217217.705
408,Parnell,Cockland,pcocklandbb@163.com,Male,145756.03
409,Janith,Doucette,jdoucettebc@sourceforge.net,Female,133236.71
410,Matthiew,Tawton,mtawtonbd@ted.com,Male,67396.275
411,Ichabod,Lumley,ilumleybe@npr.org,Male,22803.303
412,Augustine,Domaschke,adomaschkebf@nih.gov,Female,66696.971
413,Fan,Managh,fmanaghbg@woothemes.com,Female,135893.236
414,Demott,Nottingam,dnottingambh@blog.com,Male,234379.389
415,Giraldo,Sweedland,gsweedlandbi@va.gov,Male,12589.373
416,Agna,Smees,asmeesbj@cocolog-nifty.com,Agender,69967.135
417,Zonda,Norres,znorresbk@ibm.com,Female,204815.685
418,Louella,Stokey,lstokeybl@php.net,Female,117747.9
419,Tobit,Darwent,tdarwentbm@furl.net,Male,221205.29
420,Donnell,Leppington,dleppingtonbn@creativecommons.org,Male,23519.746
421,Elliot,Dyet,edyetbo@un.org,Male,239258.648
422,Kerwinn,Boadby,kboadbybp@globo.com,Male,45090.488
423,Shannen,Edmenson,sedmensonbq@example.com,Female,232624.879
424,Nollie,Duigan,nduiganbr@blog.com,Female,62537.22
425,Rennie,Keuneke,rkeunekebs@ezinearticles.com,Female,104007.143
426,Noelle,Belding,nbeldingbt@nsw.gov.au,Female,153545.163
427,Ritchie,Dimock,rdimockbu@networksolutions.com,Male,142642.557
428,Jeffry,Di Franceshci,jdifranceshcibv@hao123.com,Male,210393.07
429,Sapphira,Brasted,sbrastedbw@drupal.org,Genderfluid,124903.34
430,Zaria,Skilton,zskiltonbx@geocities.com,Female,147627.993
431,Fairlie,Bugbee,fbugbeeby@msu.edu,Male,220077.789
432,Cahra,Cowdray,ccowdraybz@answers.com,Female,97679.022
433,Carolyn,Kimbly,ckimblyc0@163.com,Female,79493.966
434,Reinhold,Northfield,rnorthfieldc1@shutterfly.com,Male,141432.147
435,Darwin,Buckham,dbuckhamc2@youtube.com,Male,101654.805
436,Corabelle,Ganny,cgannyc3@apache.org,Female,227777.121
437,Millie,Ioannidis,mioannidisc4@oaic.gov.au,Female,195663.129
438,Liz,Reston,lrestonc5@columbia.edu,Female,193345.312
439,Elvis,Hackwell,ehackwellc6@tmall.com,Male,72988.686
440,Baldwin,Goning,bgoningc7@narod.ru,Male,105808.975
441,Guglielma,Gomersal,ggomersalc8@privacy.gov.au,Female,126515.5
442,Casar,Keming,ckemingc9@imdb.com,Male,77628.15
443,Deva,Peterken,dpeterkenca@jiathis.com,Female,221003.463
444,Raye,Tejada,rtejadacb@odnoklassniki.ru,Female,211692.44
445,Abram,McBratney,amcbratneycc@list-manage.com,Male,221647.531
446,Kinna,Brendeke,kbrendekecd@weebly.com,Female,67713.386
447,Kathryn,Matiewe,kmatiewece@ucla.edu,Female,142757.507
448,Jessamine,Melchior,jmelchiorcf@fda.gov,Female,183571.835
449,Kareem,Pendrick,kpendrickcg@kickstarter.com,Male,18992.2
450,Ezra,Hatherley,ehatherleych@umich.edu,Male,150372.513
451,Callean,Dabernott,cdabernottci@google.co.jp,Male,223790.641
452,Jorge,Andrew,jandrewcj@chron.com,Male,36461.462
453,Avram,Lilford,alilfordck@wufoo.com,Genderqueer,119056.733
454,Hans,Dorin,hdorincl@baidu.com,Male,144946.902
455,Gabrielle,McLice,gmclicecm@samsung.com,Female,171188.636
456,Koenraad,Rowett,krowettcn@accuweather.com,Male,194460.979
457,Zared,Rogeron,zrogeronco@parallels.com,Male,191272.191
458,Burke,Dugan,bdugancp@dion.ne.jp,Male,56784.39
459,Giacobo,Elleray,gelleraycq@zdnet.com,Male,184797.082
460,Patsy,Baskerville,pbaskervillecr@telegraph.co.uk,Male,129635.451
461,Leeann,Housden,lhousdencs@examiner.com,Genderfluid,232195.355
462,Del,Byforth,dbyforthct@networkadvertising.org,Male,193398.095
463,Xylina,Yukhov,xyukhovcu@mayoclinic.com,Female,230776.488
464,Gardiner,Rutland,grutlandcv@ucsd.edu,Male,93109.29
465,Ulises,Rance,urancecw@nbcnews.com,Male,206222.978
466,Gwenette,Roseman,grosemancx@amazon.co.uk,Female,133298.969
467,Auberon,Nudd,anuddcy@blog.com,Male,209635.193
468,Yul,Lynagh,ylynaghcz@nifty.com,Male,86954.335
469,Ware,MacGoun,wmacgound0@edublogs.org,Male,213243.777
470,Barnebas,Lockhart,blockhartd1@dyndns.org,Male,100320.439
471,Brennen,Pennycord,bpennycordd2@tinyurl.com,Male,239625.853
472,Rosaline,Leathley,rleathleyd3@google.com.br,Female,150625.798
473,Shannan,Laister,slaisterd4@home.pl,Male,121877.638
474,Amalita,Haylor,ahaylord5@nhs.uk,Agender,202377.76
475,Hermie,Ching,hchingd6@spotify.com,Male,129288.088
476,Paddie,Soonhouse,psoonhoused7@hc360.com,Male,32478.93
477,Ileana,Yetman,iyetmand8@arstechnica.com,Female,45960.356
478,Emmit,Fessions,efessionsd9@wordpress.org,Male,179042.732
479,Derrick,Jedrzej,djedrzejda@marketwatch.com,Agender,215891.414
480,Eamon,Olivello,eolivellodb@bandcamp.com,Male,240959.856
481,Dickie,Grodden,dgroddendc@illinois.edu,Male,192555.675
482,Cicely,Burstowe,cburstowedd@people.com.cn,Female,211789.515
483,Joey,Khosa,jkhosade@xinhuanet.com,Male,244215.306
484,Erick,Dallin,edallindf@hhs.gov,Male,237636.784
485,Amandie,Stain,astaindg@is.gd,Female,109328.525
486,Marcille,Durno,mdurnodh@e-recht24.de,Female,47344.386
487,Patty,Curwood,pcurwooddi@hud.gov,Male,158435.447
488,Brocky,Crambie,bcrambiedj@cam.ac.uk,Non-binary,181473.051
489,Caldwell,Frie,cfriedk@blog.com,Male,85734.999
490,Annabella,McClure,amccluredl@berkeley.edu,Female,199782.056
491,Deloria,Cheasman,dcheasmandm@mozilla.com,Female,77067.077
492,Dorothea,Dinzey,ddinzeydn@sphinn.com,Female,67683.319
493,Martha,Canedo,mcanedodo@fc2.com,Female,192203.536
494,Ebony,Heinish,eheinishdp@dmoz.org,Female,96669.434
495,Neils,Thickens,nthickensdq@qq.com,Genderfluid,47644.432
496,Jacquie,MacDaid,jmacdaiddr@webs.com,Female,38567.366
497,Dwain,Brereton,dbreretonds@merriam-webster.com,Male,231682.558
498,Brynne,Vitte,bvittedt@shop-pro.jp,Non-binary,218371.521
499,Martyn,Francescoccio,mfrancescocciodu@linkedin.com,Male,70466.435
500,Kenna,Flecknell,kflecknelldv@utexas.edu,Female,106951.764
501,Zane,Juorio,zjuoriodw@sciencedaily.com,Male,104876.755
502,Calypso,Dedman,cdedmandx@toplist.cz,Female,151144.048
503,Jerri,Wythe,jwythedy@senate.gov,Male,232931.706
504,Matthiew,Korbmaker,mkorbmakerdz@wired.com,Male,179033.62
505,Creigh,Blasio,cblasioe0@rakuten.co.jp,Male,183954.392
506,Vivia,Wraxall,vwraxalle1@rakuten.co.jp,Female,116852.858
507,Marleen,Odda,moddae2@washington.edu,Female,178284.491
508,Sholom,Vasilchenko,svasilchenkoe3@europa.eu,Male,138277.359
509,Aretha,Fieldsend,afieldsende4@cnet.com,Female,102486.887
510,Arlin,Carp,acarpe5@harvard.edu,Male,154253.024
511,Todd,McGillivray,tmcgillivraye6@cargocollective.com,Male,10766.686
512,Malcolm,Runnalls,mrunnallse7@mail.ru,Male,224341.539
513,Holmes,Pundy,hpundye8@youtube.com,Male,114519.953
514,Willdon,Squirrell,wsquirrelle9@jigsy.com,Male,189161.57
515,Isabel,Vamplus,ivamplusea@patch.com,Female,149651.521
516,Dulcie,Hoyland,dhoylandeb@dyndns.org,Genderqueer,86925.293
517,Tera,Dallman,tdallmanec@patch.com,Female,242290.312
518,Nilson,Aird,nairded@house.gov,Male,153637.531
519,Verne,Huccaby,vhuccabyee@jalbum.net,Agender,232560.008
520,Teresa,Vairow,tvairowef@boston.com,Female,139049.843
521,Rebeca,Crutchley,rcrutchleyeg@toplist.cz,Female,62828.837
522,Issy,Leggs,ileggseh@wikia.com,Female,170909.818
523,Lorene,Cattroll,lcattrollei@themeforest.net,Genderqueer,135776.342
524,Rinaldo,Berzen,rberzenej@dot.gov,Male,182969.409
525,Trudey,Blasiak,tblasiakek@histats.com,Female,72538.113
526,Salomon,MacChaell,smacchaellel@nasa.gov,Male,77863.077
527,Marisa,Tilston,mtilstonem@diigo.com,Female,91527.498
528,Elnora,Hachard,ehacharden@ox.ac.uk,Female,89831.147
529,Perkin,Alywin,palywineo@goo.gl,Male,69323.643
530,Misty,Geall,mgeallep@plala.or.jp,Female,211351.372
531,Florida,Bickerton,fbickertoneq@discovery.com,Female,164970.138
532,Else,Simonini,esimoninier@ibm.com,Female,186683.479
533,Kermit,Loxly,kloxlyes@weibo.com,Male,143062.145
534,Tiler,Pavia,tpaviaet@ox.ac.uk,Male,45661.141
535,Trenton,Manie,tmanieeu@jigsy.com,Bigender,103989.854
536,Zenia,Jeff,zjeffev@gnu.org,Female,114691.163
537,Genia,Tures,gturesew@google.co.uk,Female,150815.605
538,Bibby,Vesco,bvescoex@blogs.com,Female,220106.611
539,Valentine,Foot,vfootey@livejournal.com,Female,140340.805
540,Nancy,Perrone,nperroneez@hibu.com,Female,132422.504
541,Nara,Fehners,nfehnersf0@naver.com,Female,187489.553
542,Emmett,Teesdale,eteesdalef1@lycos.com,Male,231550.591
543,Sauveur,Adamczewski,sadamczewskif2@ca.gov,Male,145422.271
544,Alameda,Dreelan,adreelanf3@xrea.com,Female,63352.212
545,Chaddie,Lovick,clovickf4@clickbank.net,Male,82496.184
546,Wallache,Kear,wkearf5@google.co.uk,Male,34225.328
547,Carley,Raffon,craffonf6@etsy.com,Genderfluid,218752.223
548,Kare,Comsty,kcomstyf7@census.gov,Female,101416.347
549,Pace,Roth,prothf8@cloudflare.com,Male,203231.556
550,Alf,McKernan,amckernanf9@hao123.com,Male,174212.194
551,Edsel,Rollinson,erollinsonfa@answers.com,Male,153070.307
552,Audrie,Moulding,amouldingfb@wp.com,Agender,72612.954
553,Clarke,Lorkings,clorkingsfc@newsvine.com,Male,220968.872
554,Jdavie,Gavaran,jgavaranfd@ow.ly,Male,114575.038
555,Allie,Jandl,ajandlfe@telegraph.co.uk,Female,168253.085
556,Rossy,Kerr,rkerrff@pinterest.com,Male,98960.141
557,Katine,Nealey,knealeyfg@vinaora.com,Genderfluid,49187.788
558,Dory,Lohden,dlohdenfh@dedecms.com,Female,151205.616
559,Valentine,Cornwall,vcornwallfi@toplist.cz,Male,97146.716
560,Charlton,Lambal,clambalfj@walmart.com,Male,135291.369
561,Alaster,Ledbury,aledburyfk@nps.gov,Male,76308.083
562,Winnie,Curl,wcurlfl@facebook.com,Female,183425.977
563,Dorthy,Yeude,dyeudefm@washington.edu,Female,167057.035
564,Randene,Basey,rbaseyfn@is.gd,Female,245184.954
565,Hubey,Rontree,hrontreefo@about.com,Male,42708.904
566,Audre,McGuinness,amcguinnessfp@cnet.com,Female,141389.976
567,Giacobo,Daysh,gdayshfq@g.co,Genderfluid,125911.261
568,Mead,Sherwyn,msherwynfr@foxnews.com,Male,150990.976
569,Frederico,Skeeles,fskeelesfs@sun.com,Male,189341.428
570,Durante,Hause,dhauseft@guardian.co.uk,Male,247757.701
571,Linea,Antognoni,lantognonifu@plala.or.jp,Female,168166.455
572,Elsie,Castrillo,ecastrillofv@bloomberg.com,Female,191322.708
573,Dulce,Faichnie,dfaichniefw@usgs.gov,Female,35755.346
574,Genny,Dewbury,gdewburyfx@chicagotribune.com,Female,163955.775
575,Staci,Krolman,skrolmanfy@over-blog.com,Female,101949.904
576,Verine,Ratley,vratleyfz@msu.edu,Female,206013.506
577,Alejoa,Georger,ageorgerg0@alibaba.com,Male,22939.463
578,Griz,Roydon,groydong1@japanpost.jp,Male,72626.21
579,Giselbert,Bleue,gbleueg2@cmu.edu,Male,232237.313
580,Cyrus,Jakobssen,cjakobsseng3@t.co,Male,113572.6
581,Pete,Kleanthous,pkleanthousg4@statcounter.com,Male,222299.246
582,Henry,Pragnell,hpragnellg5@dagondesign.com,Male,236078.685
583,Millisent,Hedlestone,mhedlestoneg6@arstechnica.com,Female,226629.996
584,Lennard,McNirlin,lmcnirling7@loc.gov,Male,24389.887
585,Donnell,Schrei,dschreig8@hatena.ne.jp,Male,105553.074
586,Datha,Elcomb,delcombg9@weather.com,Female,58280.524
587,Seumas,Cathenod,scathenodga@webeden.co.uk,Male,248249.962
588,Lizzie,Grovier,lgroviergb@npr.org,Female,179745.196
589,Shell,Cumberland,scumberlandgc@cyberchimps.com,Male,235320.859
590,Dagny,Champagne,dchampagnegd@bbc.co.uk,Male,144418.018
591,Tally,Stolz,tstolzge@google.co.uk,Male,205032.904
592,Mari,Berfoot,mberfootgf@seesaa.net,Female,149114.703
593,Jesse,Bridywater,jbridywatergg@yandex.ru,Female,208225.82
594,Heriberto,Tournay,htournaygh@google.cn,Male,53533.813
595,Cass,Giroldi,cgiroldigi@cbsnews.com,Male,166663.866
596,Denny,Greatrex,dgreatrexgj@privacy.gov.au,Female,60994.297
597,Nickie,McQuaide,nmcquaidegk@google.es,Female,71941.164
598,Willa,O'Canavan,wocanavangl@oracle.com,Female,180944.936
599,Ninnette,Tolworth,ntolworthgm@virginia.edu,Female,23278.51
600,Dorelia,Altimas,daltimasgn@soundcloud.com,Female,166741.464
601,Kimble,Selwyn,kselwyngo@state.tx.us,Male,220595.897
602,Lorraine,Abramovici,labramovicigp@techcrunch.com,Female,138998.538
603,Brander,Abys,babysgq@google.ru,Male,27496.765
604,Riobard,Shalcros,rshalcrosgr@linkedin.com,Male,157321.776
605,Walker,Berford,wberfordgs@amazon.com,Male,199912.733
606,Der,Joust,djoustgt@ft.com,Male,193375.135
607,Valenka,Wooler,vwoolergu@networkadvertising.org,Female,61962.381
608,Evita,Kisbey,ekisbeygv@hao123.com,Female,142577.7
609,Florella,Clipston,fclipstongw@simplemachines.org,Female,17938.479
610,Talia,Sainsbury-Brown,tsainsburybrowngx@com.com,Female,224144.276
611,Farand,Whitrod,fwhitrodgy@chicagotribune.com,Female,81084.955
612,Elonore,Tuberfield,etuberfieldgz@va.gov,Female,222791.809
613,Gertie,Manilow,gmanilowh0@baidu.com,Female,83370.018
614,Tyler,Austin,taustinh1@time.com,Male,195875.23
615,Kearney,Harsnep,kharsneph2@blogspot.com,Male,60228.291
616,Lenci,Zanre,lzanreh3@livejournal.com,Bigender,213094.273
617,Thoma,Roof,troofh4@auda.org.au,Male,126174.188
618,Zebulon,Lanchbery,zlanchberyh5@comcast.net,Bigender,107250.106
619,Lorain,Paul,lpaulh6@dailymail.co.uk,Female,96504.622
620,Grant,Trahair,gtrahairh7@soundcloud.com,Male,119490.296
621,Simona,Parley,sparleyh8@vkontakte.ru,Female,85408.632
622,Zollie,Angove,zangoveh9@posterous.com,Polygender,186833.501
623,Sandro,Hefner,shefnerha@dailymail.co.uk,Male,68141.074
624,Erinna,Tuffield,etuffieldhb@ca.gov,Female,221611.521
625,Starr,Taberner,stabernerhc@webs.com,Female,164794.262
626,Kerry,Loxdale,kloxdalehd@example.com,Male,79934.479
627,Jamill,Bough,jboughhe@nsw.gov.au,Male,117176.25
628,Vachel,Glenfield,vglenfieldhf@guardian.co.uk,Male,71393.328
629,Hewitt,Astridge,hastridgehg@google.com.au,Male,248957.388
630,Tobie,Hedlestone,thedlestonehh@1und1.de,Male,142894.452
631,Luther,Klementz,lklementzhi@time.com,Male,150286.169
632,Farra,Cogger,fcoggerhj@issuu.com,Female,22749.83
633,Lek,Mosedale,lmosedalehk@hp.com,Male,165310.963
634,Phillipp,Scoates,pscoateshl@hostgator.com,Male,135836.265
635,Tymon,Townsley,ttownsleyhm@blinklist.com,Male,124597.716
636,Sherlocke,Ruffle,srufflehn@sbwire.com,Male,211088.68
637,Auberon,Jime,ajimeho@homestead.com,Male,46105.351
638,Lela,Wilman,lwilmanhp@rakuten.co.jp,Female,92462.007
639,Shaina,Sisley,ssisleyhq@examiner.com,Female,93990.261
640,Nelson,Aylen,naylenhr@google.nl,Male,213221.026
641,Charmine,Dalman,cdalmanhs@yahoo.com,Female,44617.97
642,Bea,Dunseith,bdunseithht@etsy.com,Agender,244061.484
643,Doris,Dady,ddadyhu@mit.edu,Female,40897.048
644,Nichol,Olsen,nolsenhv@delicious.com,Female,12216.409
645,Orsa,Cumberledge,ocumberledgehw@washingtonpost.com,Female,189023.076
646,Bethanne,Waitland,bwaitlandhx@joomla.org,Female,212980.294
647,Kayle,Tourle,ktourlehy@yale.edu,Female,217481.455
648,Trace,Duckit,tduckithz@mozilla.org,Bigender,224157.198
649,Emmi,Josifovitz,ejosifovitzi0@dell.com,Female,206928.036
650,Whitney,Tomkies,wtomkiesi1@hc360.com,Female,241158.506
651,Mandi,O'Carmody,mocarmodyi2@comsenz.com,Genderfluid,64665.316
652,Nelie,Jiroutek,njirouteki3@blogspot.com,Female,23669.781
653,Selie,Guilaem,sguilaemi4@slideshare.net,Female,128694.732
654,Ernaline,Rayburn,erayburni5@infoseek.co.jp,Genderfluid,30132.967
655,Drusy,Hayth,dhaythi6@bloglovin.com,Female,126371.911
656,Fonsie,Nuzzetti,fnuzzettii7@google.fr,Male,228144.195
657,Kennedy,Heape,kheapei8@live.com,Male,179367.919
658,Jennica,Nathan,jnathani9@ucoz.ru,Female,173845.775
659,Hedwiga,MacNeillie,hmacneillieia@narod.ru,Non-binary,15176.759
660,Rafe,Haggath,rhaggathib@google.fr,Male,115960.773
661,Orsa,Mead,omeadic@amazon.de,Female,229247.495
662,Deirdre,Daingerfield,ddaingerfieldid@vkontakte.ru,Female,146104.019
663,Derward,Spawforth,dspawforthie@ycombinator.com,Male,243031.384
664,Sile,Irons,sironsif@topsy.com,Female,29137.011
665,Mortie,Fawckner,mfawcknerig@ted.com,Male,119782.849
666,Yehudi,Vittel,yvittelih@ustream.tv,Male,114363.89
667,Danette,Mongain,dmongainii@alibaba.com,Female,33500.568
668,Ivan,Hutchcraft,ihutchcraftij@gizmodo.com,Male,23252.776
669,Miriam,Servis,mservisik@bigcartel.com,Female,58689.441
670,Arney,Curner,acurneril@mapquest.com,Male,233041.228
671,Odie,Tunn,otunnim@huffingtonpost.com,Male,187680.901
672,Darsie,Caffin,dcaffinin@deviantart.com,Female,216362.665
673,Zach,Sewter,zsewterio@pinterest.com,Male,25841.876
674,Rick,Elies,reliesip@shinystat.com,Male,111327.142
675,Charisse,Samples,csamplesiq@phpbb.com,Female,175670.68
676,Willyt,Gowing,wgowingir@cyberchimps.com,Female,205631.439
677,Puff,Linacre,plinacreis@apple.com,Male,17353.954
678,Alison,Jindracek,ajindracekit@dmoz.org,Female,108348.707
679,Nathalie,Harriagn,nharriagniu@archive.org,Female,34862.627
680,Phelia,Maddern,pmadderniv@fastcompany.com,Female,132642.336
681,Fabiano,Puddan,fpuddaniw@china.com.cn,Male,186733.279
682,Niles,Simenot,nsimenotix@desdev.cn,Male,100866.375
683,Helge,Hamlen,hhamleniy@lycos.com,Female,61432.663
684,Trefor,Casey,tcaseyiz@acquirethisname.com,Male,95907.34
685,Georgeanna,Tompion,gtompionj0@github.io,Female,80736.638
686,Hartley,Constance,hconstancej1@tumblr.com,Male,213126.719
687,Rodger,Chaters,rchatersj2@technorati.com,Male,205126.051
688,Rossy,Greatbatch,rgreatbatchj3@discovery.com,Male,29135.561
689,Curr,Heazel,cheazelj4@booking.com,Male,28543.923
690,Jamill,Dufer,jduferj5@cisco.com,Male,33318.431
691,Cordie,Asel,caselj6@netscape.com,Male,100719.156
692,Kristo,Jillett,kjillettj7@mapy.cz,Genderqueer,235728.868
693,Beniamino,Kuller,bkullerj8@nba.com,Male,175754.97
694,Amil,Cometti,acomettij9@fda.gov,Female,132307.559
695,Tanya,Pearcy,tpearcyja@wikimedia.org,Female,52479.145
696,Michael,Inger,mingerjb@phoca.cz,Male,217809.801
697,Piotr,O' Connell,poconnelljc@trellian.com,Male,87151.759
698,Hamid,Nial,hnialjd@cnet.com,Male,108714.585
699,Alanah,Jancik,ajancikje@twitpic.com,Female,92759.959
700,Ewart,Sirrell,esirrelljf@squidoo.com,Male,72615.47
701,Melessa,Nadin,mnadinjg@independent.co.uk,Female,118227.15
702,Temp,Collyns,tcollynsjh@flickr.com,Male,237571.597
703,Emmanuel,Koppens,ekoppensji@fastcompany.com,Male,135622.432
704,Karlens,Dallicoat,kdallicoatjj@istockphoto.com,Male,168077.284
705,Dominica,Kirsche,dkirschejk@epa.gov,Female,168188.642
706,Blinnie,Gimblett,bgimblettjl@alexa.com,Female,109928.936
707,Gerhard,Finnes,gfinnesjm@telegraph.co.uk,Male,137939.679
708,Willie,Phillcock,wphillcockjn@cbslocal.com,Male,88498.005
709,Galven,Nield,gnieldjo@va.gov,Male,111106.517
710,Nydia,Verrico,nverricojp@imgur.com,Female,11790.47
711,Mauricio,McCoid,mmccoidjq@oaic.gov.au,Male,65342.027
712,Thorpe,Gass,tgassjr@apple.com,Male,114631.317
713,Lowell,Puxley,lpuxleyjs@umn.edu,Male,62904.783
714,Valry,Govan,vgovanjt@dailymail.co.uk,Female,227292.771
715,Thorin,Wintour,twintourju@github.io,Male,164024.509
716,Maud,Culverhouse,mculverhousejv@quantcast.com,Female,61142.541
717,Porty,Utridge,putridgejw@reuters.com,Male,42483.412
718,Olivie,Koene,okoenejx@youtube.com,Female,247556.549
719,Caspar,Blasing,cblasingjy@aol.com,Male,64727.406
720,Agace,O'Duane,aoduanejz@yellowpages.com,Female,117592.695
721,Madelon,Hinemoor,mhinemoork0@sourceforge.net,Female,215662.359
722,Marti,Frith,mfrithk1@cyberchimps.com,Female,242696.413
723,Benedikt,Fitkin,bfitkink2@cam.ac.uk,Male,141881.965
724,Kathrine,Cheeseman,kcheesemank3@netvibes.com,Agender,43727.038
725,Doti,Douce,ddoucek4@arizona.edu,Bigender,12856.305
726,Jacklin,Newbury,jnewburyk5@mapy.cz,Female,222348.249
727,Wendell,Johnson,wjohnsonk6@storify.com,Male,217671.484
728,Caresse,Ford,cfordk7@scientificamerican.com,Female,69833.685
729,Agosto,Wederell,awederellk8@instagram.com,Agender,227072.509
730,Rudyard,Chilcott,rchilcottk9@usgs.gov,Male,157084.016
731,Holt,Baert,hbaertka@goo.gl,Male,175765.114
732,Hilliard,Hayth,hhaythkb@nationalgeographic.com,Male,136384.657
733,Marcella,Heffernan,mheffernankc@mac.com,Female,85553.164
734,Gelya,Pockey,gpockeykd@domainmarket.com,Female,132930.847
735,Betteann,Tole,btoleke@imageshack.us,Genderfluid,17031.033
736,Brock,Toop,btoopkf@1und1.de,Male,52133.728
737,Geralda,Bickerstasse,gbickerstassekg@comsenz.com,Female,16423.328
738,Anestassia,Burborough,aburboroughkh@lycos.com,Female,33813.465
739,Brittan,Houlridge,bhoulridgeki@wix.com,Female,231796.03
740,Windy,Edleston,wedlestonkj@wired.com,Female,193183.922
741,Dillie,Dakers,ddakerskk@wordpress.com,Male,84421.245
742,Roddy,Hurdedge,rhurdedgekl@devhub.com,Male,239207.123
743,Antonio,Alenshev,aalenshevkm@woothemes.com,Male,153066.135
744,Gillie,Austick,gaustickkn@list-manage.com,Female,92175.869
745,D'arcy,Razzell,drazzellko@wordpress.org,Male,179386.234
746,Siouxie,Fuente,sfuentekp@amazon.de,Female,178089.052
747,Cherye,Dunsmore,cdunsmorekq@house.gov,Female,55044.889
748,Christoffer,Brittian,cbrittiankr@berkeley.edu,Male,68895.116
749,Fraser,Grutchfield,fgrutchfieldks@dedecms.com,Male,219668.275
750,Thibaut,Ferry,tferrykt@is.gd,Male,188961.974
751,Afton,Brimley,abrimleyku@moonfruit.com,Female,57438.519
752,Sarita,Connachan,sconnachankv@nasa.gov,Female,206646.604
753,Moira,Sparrowe,msparrowekw@huffingtonpost.com,Female,176450.246
754,Kayla,Budnik,kbudnikkx@marriott.com,Female,71162.714
755,Hildegaard,Moan,hmoanky@gnu.org,Bigender,183134.09
756,Alfi,Licciardi,alicciardikz@barnesandnoble.com,Female,56386.249
757,Gayelord,Lezemere,glezemerel0@ed.gov,Male,110993.83
758,Sammie,Fordy,sfordyl1@nytimes.com,Male,143024.94
759,Geri,Kempton,gkemptonl2@youtu.be,Female,92283.042
760,Tobie,Easeman,teasemanl3@statcounter.com,Male,238976.6
761,Dell,Skelbeck,dskelbeckl4@foxnews.com,Male,110426.455
762,Wilton,Farady,wfaradyl5@slashdot.org,Male,56548.323
763,Hall,Paskin,hpaskinl6@mediafire.com,Male,115615.406
764,Cherri,Berg,cbergl7@blogspot.com,Female,116235.197
765,Ikey,Treves,itrevesl8@ucoz.com,Male,157988.441
766,Bel,Dallas,bdallasl9@apple.com,Female,209362.877
767,Vladamir,Spinage,vspinagela@aboutads.info,Male,153078.939
768,Anderson,Walstow,awalstowlb@google.com.br,Male,123782.322
769,Dael,McGonigle,dmcgoniglelc@unblog.fr,Male,210689.973
770,Dionisio,Riseborough,driseboroughld@xrea.com,Male,91544.111
771,Tandy,Meneyer,tmeneyerle@ftc.gov,Female,186747.249
772,Ingram,Andreacci,iandreaccilf@google.fr,Male,124319.528
773,Jacquenette,Sadd,jsaddlg@themeforest.net,Female,74190.417
774,Lyndsie,Trevino,ltrevinolh@fda.gov,Female,56227.801
775,Ulrike,Blastock,ublastockli@desdev.cn,Female,82410.062
776,Renato,Kubecka,rkubeckalj@1und1.de,Male,191632.888
777,Erina,Eatherton,eeathertonlk@amazon.co.jp,Female,11991.304
778,Catherina,Pinchin,cpinchinll@hp.com,Female,244808.255
779,Alphonse,Boston,abostonlm@sourceforge.net,Male,25427.812
780,Marcella,World,mworldln@edublogs.org,Female,17300.611
781,Rosalinda,Ladd,rladdlo@e-recht24.de,Female,80853.923
782,Hollyanne,Tremayle,htremaylelp@1688.com,Female,158404.419
783,Rosalia,Lunk,rlunklq@fastcompany.com,Female,172990.797
784,Orion,Raiman,oraimanlr@xing.com,Male,210344.875
785,Kasey,Rablan,krablanls@latimes.com,Female,110756.801
786,Quent,Oen,qoenlt@moonfruit.com,Male,166233.172
787,Jeannine,Donaho,jdonaholu@msu.edu,Female,149435.321
788,Carine,Dalrymple,cdalrymplelv@fema.gov,Female,32149.205
789,Dore,Iannazzi,diannazzilw@google.it,Female,85649.175
790,Claudina,Dittson,cdittsonlx@csmonitor.com,Female,17065.18
791,Jakie,Greenier,jgreenierly@biglobe.ne.jp,Male,168210.38
792,Adair,Hughesdon,ahughesdonlz@techcrunch.com,Male,148815.639
793,Llywellyn,Houliston,lhoulistonm0@ed.gov,Male,94044.711
794,Laney,Bodycombe,lbodycombem1@so-net.ne.jp,Male,89872.853
795,Orazio,Barlow,obarlowm2@addtoany.com,Male,68114.465
796,Burnaby,Wolfe,bwolfem3@npr.org,Male,180744.198
797,Bruno,Scholey,bscholeym4@lulu.com,Male,198449.568
798,Dania,Pardew,dpardewm5@google.com.au,Non-binary,216677.405
799,Jamil,Kwiek,jkwiekm6@cnn.com,Male,144560.13
800,Marwin,Keays,mkeaysm7@theguardian.com,Male,217579.409
801,Danielle,Espin,despinm8@woothemes.com,Female,188221.138
802,Garfield,Snowding,gsnowdingm9@w3.org,Non-binary,154004.514
803,Gordy,Storrar,gstorrarma@devhub.com,Male,143320.358
804,Edgard,Charrette,echarrettemb@163.com,Male,125964.484
805,Nap,McDuall,nmcduallmc@nature.com,Male,184628.731
806,Shurlock,MacColm,smaccolmmd@artisteer.com,Genderqueer,120627.002
807,Dwain,McGinley,dmcginleyme@fotki.com,Male,199142.927
808,Enrique,Mochar,emocharmf@woothemes.com,Male,15363.969
809,Dionne,Lorden,dlordenmg@bbc.co.uk,Female,52399.733
810,Cris,Giacovazzo,cgiacovazzomh@prweb.com,Male,222248.987
811,Timoteo,Pady,tpadymi@amazon.co.jp,Male,122753.079
812,Georgine,Anersen,ganersenmj@nyu.edu,Genderfluid,226097.325
813,Barris,Behneke,bbehnekemk@seesaa.net,Male,202509.67
814,Carlene,Dwyr,cdwyrml@tripod.com,Female,85609.943
815,Creigh,Collard,ccollardmm@lycos.com,Male,57856.222
816,Caprice,Behnke,cbehnkemn@edublogs.org,Female,247115.484
817,Zeb,Fontell,zfontellmo@deliciousdays.com,Male,62253.18
818,Walther,Buttfield,wbuttfieldmp@chronoengine.com,Agender,13163.936
819,Dayna,Arlott,darlottmq@upenn.edu,Female,32647.719
820,Gayle,Ianilli,gianillimr@php.net,Female,193865.148
821,Cthrine,Bridgwater,cbridgwaterms@naver.com,Female,116495.046
822,Dominique,McClean,dmccleanmt@edublogs.org,Female,157509.034
823,Shelagh,Pering,speringmu@mapquest.com,Agender,65339.701
824,Zed,Piddick,zpiddickmv@bloglines.com,Male,217435.279
825,Axel,Lebbon,alebbonmw@npr.org,Male,13904.903
826,Othilia,Boote,obootemx@godaddy.com,Female,189568.983
827,Eunice,Duce,educemy@seattletimes.com,Female,246517.891
828,Amity,Dodman,adodmanmz@marriott.com,Female,76497.183
829,Farrel,Blakeman,fblakemann0@chronoengine.com,Male,49491.642
830,Gregor,Fransoni,gfransonin1@fotki.com,Male,168088.53
831,Maridel,Durdy,mdurdyn2@illinois.edu,Female,90496.852
832,Ignacius,Ricca,iriccan3@people.com.cn,Male,35692.359
833,Winny,Slowan,wslowann4@acquirethisname.com,Male,231789.305
834,Herold,Jickles,hjicklesn5@flickr.com,Male,227776.237
835,Tony,Keating,tkeatingn6@live.com,Genderqueer,53026.866
836,Gaylord,Chipchase,gchipchasen7@bing.com,Male,95784.101
837,Ogdan,Barmby,obarmbyn8@google.com.au,Male,207514.51
838,Billi,Jaimez,bjaimezn9@elpais.com,Female,61990.672
839,Cordy,Ashburne,cashburnena@cafepress.com,Female,107756.012
840,Tadeas,Wasling,twaslingnb@pinterest.com,Male,142768.672
841,Hersh,Lomansey,hlomanseync@blogger.com,Male,30685.849
842,Barnard,Copozio,bcopoziond@hao123.com,Male,163199.323
843,Elaina,Rumble,erumblene@zdnet.com,Agender,167110.232
844,Aurea,Watters,awattersnf@geocities.jp,Female,19344.146
845,Holli,Tratton,htrattonng@msn.com,Genderfluid,57420.611
846,Barry,Hatfull,bhatfullnh@sitemeter.com,Male,19157.504
847,Jeromy,Gurdon,jgurdonni@ed.gov,Male,124787.375
848,Melvyn,Sawdon,msawdonnj@purevolume.com,Male,128761.724
849,Anatole,Abate,aabatenk@huffingtonpost.com,Male,141292.434
850,Doralia,Lawrey,dlawreynl@marriott.com,Female,228337.564
851,Keene,Winsom,kwinsomnm@mayoclinic.com,Male,197715.112
852,Pearla,Geffinger,pgeffingernn@washingtonpost.com,Female,68909.349
853,Noell,Georghiou,ngeorghiouno@yolasite.com,Female,19585.154
854,Daveta,Imeson,dimesonnp@digg.com,Female,35858.906
855,Garik,Andrea,gandreanq@jugem.jp,Male,110556.166
856,Corbett,Bradtke,cbradtkenr@wordpress.org,Male,115990.329
857,Wendye,Wrightim,wwrightimns@gov.uk,Female,163049.766
858,Kermit,Habberjam,khabberjamnt@furl.net,Male,68460.189
859,Jefferson,Shillingford,jshillingfordnu@illinois.edu,Male,117161.995
860,Ardeen,Gingell,agingellnv@examiner.com,Female,71167.556
861,Rosemonde,Bullers,rbullersnw@amazonaws.com,Female,197859.324
862,Zaccaria,Gluyas,zgluyasnx@blog.com,Male,154222.404
863,Urbanus,Hambright,uhambrightny@businessweek.com,Male,75920.277
864,Harbert,Shaughnessy,hshaughnessynz@istockphoto.com,Male,176589.449
865,Saudra,Hainsworth,shainswortho0@youku.com,Female,47056.155
866,Bail,Limbert,blimberto1@liveinternet.ru,Male,230864.395
867,Hodge,Ramsey,hramseyo2@ftc.gov,Male,92817.605
868,Layla,Kirkup,lkirkupo3@va.gov,Female,34323.62
869,Oliviero,Moulster,omoulstero4@webnode.com,Male,151996.61
870,Glennie,Bromilow,gbromilowo5@flavors.me,Female,114597.309
871,Reinaldo,Lucus,rlucuso6@google.nl,Male,231766.873
872,Easter,Kaser,ekasero7@amazonaws.com,Female,84786.687
873,Merrill,Garmanson,mgarmansono8@imgur.com,Female,85584.426
874,Northrop,Smedmoor,nsmedmooro9@fotki.com,Male,99254.056
875,Yolane,Brittian,ybrittianoa@163.com,Female,25284.332
876,Garret,Rysom,grysomob@msn.com,Male,171607.078
877,Reiko,Matthews,rmatthewsoc@ca.gov,Polygender,72693.014
878,Rock,Bunford,rbunfordod@spiegel.de,Male,197553.306
879,Tobin,Heffer,thefferoe@ca.gov,Male,206208.809
880,Quincey,Iacomo,qiacomoof@about.com,Genderfluid,103489.084
881,Katie,Furst,kfurstog@bing.com,Female,233418.657
882,Kermie,Serfati,kserfatioh@tripadvisor.com,Male,12783.968
883,Alejandrina,Casolla,acasollaoi@yahoo.co.jp,Bigender,197351.488
884,Amata,Areles,aarelesoj@storify.com,Female,57433.518
885,Vilma,Scarf,vscarfok@berkeley.edu,Female,71769.988
886,Vale,Geroldi,vgeroldiol@exblog.jp,Male,29926.386
887,Rurik,Beddall,rbeddallom@bing.com,Male,128136.707
888,Sharlene,Priestman,spriestmanon@fc2.com,Female,223586.368
889,Adelbert,Revell,arevelloo@nih.gov,Genderqueer,36982.14
890,Rorie,Levison,rlevisonop@theatlantic.com,Female,32703.432
891,Raimund,Noddle,rnoddleoq@yolasite.com,Male,152768.348
892,Lindsey,Venditti,lvendittior@slate.com,Female,107130.564
893,Joana,Seeley,jseeleyos@typepad.com,Female,37287.584
894,Tymon,Hugonin,thugoninot@washingtonpost.com,Male,121360.678
895,Bartram,Brend,bbrendou@networksolutions.com,Male,56843.348
896,Gussi,Grayling,ggraylingov@google.nl,Female,169217.061
897,Lani,Canton,lcantonow@cloudflare.com,Female,151723.674
898,Baxy,Exon,bexonox@guardian.co.uk,Male,67604.165
899,Kassia,Millican,kmillicanoy@about.me,Non-binary,166495.716
900,Wiley,Size,wsizeoz@senate.gov,Male,51622.154
901,Logan,Hawarden,lhawardenp0@amazon.co.jp,Male,103382.215
902,Stanfield,Puddan,spuddanp1@clickbank.net,Male,147966.472
903,Donn,Harkins,dharkinsp2@delicious.com,Male,11783.297
904,Ringo,Stonebanks,rstonebanksp3@who.int,Male,98078.102
905,Sib,Schule,sschulep4@lulu.com,Female,43278.995
906,Nonna,Eubank,neubankp5@unblog.fr,Female,183865.674
907,Ahmad,Kinchington,akinchingtonp6@archive.org,Male,237067.451
908,Felicia,Wainscoat,fwainscoatp7@addtoany.com,Female,165500.48
909,Tamqrah,Blizard,tblizardp8@google.cn,Female,84271.575
910,Aime,Spurrier,aspurrierp9@mail.ru,Female,189942.502
911,Frieda,Mandifield,fmandifieldpa@slideshare.net,Female,222454.918
912,Taddeo,Muriel,tmurielpb@amazonaws.com,Male,193150.071
913,Kathryne,Wallace,kwallacepc@de.vu,Genderfluid,64690.749
914,Clareta,Crellin,ccrellinpd@flavors.me,Female,150391.801
915,Ava,Hambidge,ahambidgepe@nydailynews.com,Female,16259.743
916,Valerye,Tulloch,vtullochpf@tumblr.com,Female,216593.927
917,Claudie,Howlings,chowlingspg@ted.com,Female,195381.365
918,Alyson,Dowsing,adowsingph@nbcnews.com,Female,110032.661
919,Ortensia,Abelovitz,oabelovitzpi@godaddy.com,Female,156125.814
920,Eduino,Dudill,edudillpj@oracle.com,Non-binary,10169.413
921,Harley,Fireman,hfiremanpk@amazon.de,Female,146551.34
922,Gavan,Sheer,gsheerpl@tmall.com,Male,244379.64
923,Niki,Szimoni,nszimonipm@state.tx.us,Female,68701.362
924,Corty,Smithson,csmithsonpn@cloudflare.com,Male,126463.705
925,Marni,Bunker,mbunkerpo@alexa.com,Female,13039.009
926,Darda,Kleinber,dkleinberpp@photobucket.com,Female,228782.388
927,Gregory,Hastilow,ghastilowpq@theglobeandmail.com,Male,246649.388
928,Kennith,Clougher,kclougherpr@smh.com.au,Genderfluid,52816.558
929,Lorie,Smouten,lsmoutenps@vimeo.com,Female,188174.162
930,Lea,Ridehalgh,lridehalghpt@princeton.edu,Female,48513.153
931,Georgena,McKune,gmckunepu@lycos.com,Female,115699.284
932,Dewie,Kemer,dkemerpv@istockphoto.com,Male,203873.008
933,Asa,Witson,awitsonpw@washingtonpost.com,Male,96893.946
934,Brant,Argo,bargopx@imdb.com,Male,245111.248
935,Katheryn,Harden,khardenpy@bloglovin.com,Female,56154.137
936,Kellsie,Erdes,kerdespz@noaa.gov,Female,49144.724
937,Jewel,Giovanizio,jgiovanizioq0@epa.gov,Bigender,156287.822
938,Darren,Bigly,dbiglyq1@bloomberg.com,Male,130180.821
939,Leigh,Sansam,lsansamq2@foxnews.com,Male,67921.17
940,Maddy,Hannum,mhannumq3@360.cn,Male,43909.779
941,Inglis,Poplee,ipopleeq4@epa.gov,Male,243001.179
942,Augusto,Moyles,amoylesq5@amazonaws.com,Genderfluid,87642.234
943,Hew,Albro,halbroq6@cbslocal.com,Male,247292.618
944,Wallie,Rosenbusch,wrosenbuschq7@csmonitor.com,Female,221089.865
945,Giovanna,Burnham,gburnhamq8@pen.io,Agender,239451.203
946,Ellis,Youngman,eyoungmanq9@wisc.edu,Male,141835.934
947,Hannah,Dayne,hdayneqa@epa.gov,Female,207737.324
948,Fremont,Records,frecordsqb@google.nl,Male,183456.676
949,Vivyan,Craggs,vcraggsqc@phpbb.com,Female,97126.192
950,Crawford,Tolan,ctolanqd@senate.gov,Male,51417.466
951,Lucius,Reihm,lreihmqe@ebay.co.uk,Male,23948.35
952,Issi,Kinkead,ikinkeadqf@godaddy.com,Bigender,42149.299
953,Paulette,Maulden,pmauldenqg@mac.com,Female,225033.394
954,Lissa,O'Leahy,loleahyqh@google.nl,Female,168249.3
955,Ruthi,Branchflower,rbranchflowerqi@cbsnews.com,Female,97354.132
956,Melodee,True,mtrueqj@webmd.com,Female,33846.143
957,Solly,Wissby,swissbyqk@cargocollective.com,Male,23192.98
958,Udall,Wimpenny,uwimpennyql@prlog.org,Male,208883.927
959,Rory,Merali,rmeraliqm@squarespace.com,Male,171832.917
960,Milli,Wroe,mwroeqn@freewebs.com,Female,246427.637
961,Pooh,Peagram,ppeagramqo@over-blog.com,Genderfluid,115015.054
962,Shayne,Champion,schampionqp@narod.ru,Male,27824.687
963,Winfield,Load,wloadqq@skype.com,Male,125671.24
964,Sean,Gwilym,sgwilymqr@posterous.com,Male,56472.196
965,Olav,Vellden,ovelldenqs@va.gov,Male,176670.54
966,Alvis,Garrison,agarrisonqt@yandex.ru,Male,144570.045
967,Lukas,Bolte,lboltequ@state.tx.us,Male,249191.033
968,Madalyn,Dautry,mdautryqv@va.gov,Female,241651.687
969,Ario,McBean,amcbeanqw@disqus.com,Male,158932.195
970,Cord,Peerman,cpeermanqx@blogtalkradio.com,Male,50347.422
971,Merrick,Blore,mbloreqy@bigcartel.com,Male,194878.923
972,Aretha,Helgass,ahelgassqz@bloglines.com,Female,197380.247
973,Heriberto,Elvy,helvyr0@nsw.gov.au,Male,52696.861
974,Rozina,Stutt,rstuttr1@usgs.gov,Female,87289.963
975,Tabbie,Blagburn,tblagburnr2@sourceforge.net,Male,11759.949
976,Rudyard,Thunderman,rthundermanr3@jigsy.com,Male,43638.602
977,Saunders,Nunnery,snunneryr4@blogspot.com,Non-binary,177190.306
978,Minor,Kayser,mkayserr5@go.com,Male,164404.398
979,Mayor,Danilowicz,mdanilowiczr6@oakley.com,Male,134502.82
980,Brunhilde,Birts,bbirtsr7@amazon.co.uk,Female,19845.863
981,Gavrielle,Challin,gchallinr8@howstuffworks.com,Female,234639.199
982,Delly,Burthom,dburthomr9@springer.com,Female,91655.492
983,Brew,Zanutti,bzanuttira@yandex.ru,Male,209266.295
984,Amos,Jakubski,ajakubskirb@latimes.com,Male,117799.567
985,Rowney,Limpenny,rlimpennyrc@tumblr.com,Male,60732.681
986,Rasia,Courson,rcoursonrd@instagram.com,Female,233878.044
987,Consuela,O'Dowgaine,codowgainere@ow.ly,Genderqueer,184112.416
988,Grata,Iacovino,giacovinorf@nih.gov,Female,171120.909
989,Claybourne,Waldren,cwaldrenrg@wikispaces.com,Male,167902.794
990,Darleen,Elstob,delstobrh@pen.io,Female,100332.313
991,Cassondra,Pothecary,cpothecaryri@cargocollective.com,Female,142289.771
992,Erl,Cruickshanks,ecruickshanksrj@themeforest.net,Agender,21392.265
993,De witt,Gruszczak,dgruszczakrk@cbc.ca,Male,185334.309
994,Myles,Blase,mblaserl@globo.com,Male,48095.809
995,Felicity,von Grollmann,fvongrollmannrm@prweb.com,Female,54969.689
996,Orelle,Gipson,ogipsonrn@privacy.gov.au,Female,48156.976
997,Dianne,Syrad,dsyradro@nydailynews.com,Female,124447.965
998,Tammy,Thornebarrow,tthornebarrowrp@vk.com,Female,233226.326
999,Almeta,Kilgallon,akilgallonrq@netlog.com,Genderqueer,108324.909
1000,Bibbye,McKyrrelly,bmckyrrellyrr@facebook.com,Female,56366.396
